,A,C,D,E,F,G,H,I,K,L,M,N,P,Q,R,S,T,V,W,Y
A,0.0411940504904589,0.027578854259435744,0.05285793639260438,0.06287679770107307,0.050171616638633815,0.054137227415247326,0.04700294998814124,0.05870548895554638,0.046000468403478226,0.05459263188583988,0.05257890840511619,0.05609451183081654,0.03364550537455307,0.06588259517091366,0.0328947315649542,0.06431736991147667,0.059253911712448384,0.05379971831778007,0.04362877001396369,0.042785955567518595
C,0.059283435023738264,0.020274896072434642,0.055257262547970636,0.07045279694515003,0.04190090755565924,0.05511539133423431,0.05232905675383332,0.04734006983847015,0.044811367201584594,0.04483533100500423,0.050478275873572544,0.062344030498307675,0.03775259358225634,0.0670242644299254,0.03344588754778942,0.06488146978451763,0.061655325269479457,0.05102415741644482,0.03825644441192538,0.04153703690770192
D,0.0686826735413182,0.030209599755407317,0.029954240219204765,0.0538892877421242,0.04500034932391143,0.05085856798115477,0.0461153166860484,0.056888771926198844,0.04667983387765878,0.05041452558487074,0.05659804481228397,0.04639668253936535,0.04126828857620841,0.06584586110886452,0.03521477044281987,0.06335919237762315,0.06100112414423756,0.06657744808747126,0.04417966636841058,0.040865754904818016
E,0.06748403873901318,0.03318955846231721,0.04292773640126676,0.040254594044690326,0.04803329980580472,0.05695250107237604,0.044748458306460105,0.06041025181723009,0.04703762191801719,0.055900908233985934,0.05340425276998469,0.04932710837805469,0.03900448874130349,0.056459276828544125,0.0355672270865648,0.06507417610241512,0.059691143918488634,0.056679315106175694,0.047557081442590174,0.04029696082471688
F,0.07231890833646415,0.027119454106531694,0.05602732954327725,0.06726803767567094,0.028785383890916182,0.06701658459654285,0.04606132874451717,0.046469003847636504,0.04601971638835418,0.04089470629502435,0.05004566506220222,0.06153003250721378,0.03875610933059259,0.057025380455591954,0.0335711662383858,0.07413936831237504,0.06493231538148594,0.05143370619895085,0.035132121778664864,0.035453681309601734
G,0.06503487785141723,0.027080206336910776,0.04289580056916227,0.06653927794270718,0.04983209466307449,0.02811278414994747,0.04427018374061178,0.06325655111077118,0.044733878664240036,0.05633885042215244,0.05430293452650493,0.045857950999254424,0.035042502090541924,0.06552191219395014,0.03209807735659889,0.06562086669872967,0.0663803053903925,0.05947023057205013,0.04443629939867382,0.04317441532230889
H,0.06543668170036686,0.031427224029847114,0.05120978002910856,0.06137195114215518,0.044895339179787136,0.05142721354665465,0.033739253195405154,0.06113632576153667,0.04122559567686757,0.05292148572575138,0.05597946798488291,0.050377034908481326,0.035376748979231175,0.05144947344279547,0.029787606060681853,0.07044990406259141,0.06395208819060494,0.06073575583314528,0.04780368375705258,0.03929738679305252
I,0.07139551245042332,0.02618986038514152,0.05890825512366682,0.06985339517139427,0.0432844534548514,0.06400206765167912,0.04872917128332566,0.030305616102532153,0.044735400292451384,0.03700550932785399,0.04678431922235673,0.06632438983102039,0.0389012388878445,0.059099784937578094,0.03419497138519792,0.07709658851975665,0.06342541413014459,0.043070362528293486,0.03630727276064428,0.04038641655384377
K,0.06824382105898613,0.03096161239492981,0.053072363064891576,0.06408943004311732,0.04768432430545698,0.0566782865019343,0.04753576117058378,0.05394998849822484,0.02794441838249186,0.04778965462696254,0.051616809217342824,0.05383763504818097,0.0378005715408708,0.05847918118772079,0.02591031365997391,0.07246680265873828,0.06629947274162155,0.05342267998310445,0.042908456859770315,0.03930841705509727
L,0.0795851957282482,0.028140875519989093,0.05398882148055771,0.07049910315877976,0.03931568915930612,0.06714455624509612,0.04772085068898695,0.03859376792366249,0.04340913336249534,0.028097954669274706,0.04890988855441445,0.06005178099595524,0.039892144028162504,0.05441571078124811,0.03248219280382732,0.0766176178134072,0.06718491435559272,0.04737802450121876,0.03797689217821211,0.03859488605156511
M,0.06509339799842337,0.02847170027559946,0.05748594542848293,0.06443664814976126,0.04081721091213335,0.05795819362341746,0.046910213219621875,0.046745557235273995,0.04524737269879251,0.04488664639524211,0.04060440999081558,0.060143575612414076,0.043145547720851524,0.06000308027315407,0.03289819824324811,0.07309780566581141,0.06432032813963183,0.049539439787959536,0.03929096620519393,0.038903762424171554
N,0.06470156406023161,0.0318986985007568,0.0438781389433057,0.059350216635615384,0.05112169601009455,0.04751700996716968,0.04641317772751266,0.05902012707437035,0.042533154493917154,0.05507886537234386,0.062296175565580064,0.03179367870858624,0.03621197454080407,0.055126804213656906,0.03201277493679602,0.06741623457118497,0.06351467058454967,0.05939387505335852,0.048915937513020584,0.04180522552714531
P,0.061481911335228685,0.027024937609710475,0.049790988435604644,0.06517281490023873,0.048345083217996604,0.04672232972644435,0.047059641068918114,0.052046547502184536,0.04646942123620635,0.049253735420668014,0.05616725804219332,0.055894976089856475,0.016517544640533965,0.0614848689928677,0.034959156310819625,0.06711967432769392,0.06158176719176275,0.05718078307042906,0.04557777589587281,0.05014878498476982
Q,0.07124958737903074,0.033114721768366176,0.048644670321541426,0.0586684894480012,0.048235165517417924,0.05760491196486778,0.0420089839753743,0.060469299082722305,0.04020818171381469,0.0497550829395916,0.05527890025744501,0.049083096245288935,0.03542471391016169,0.037496836310664555,0.03064893799661691,0.06723815135412703,0.06411369896804286,0.06398344744639398,0.04821058838331081,0.03856253501722005
R,0.07343065330678682,0.029661927008552403,0.04991622889137718,0.0682941305987071,0.047026646836786076,0.05050894207045373,0.04595926476875941,0.050754469932024274,0.033484584922273235,0.048850637188550816,0.05161037984137683,0.05204507583206934,0.03935804262701665,0.06394773036392735,0.021023468602852632,0.07837528240581765,0.062261790729759306,0.05438923983158229,0.039218467675919674,0.03988303656540735
S,0.05207338946178676,0.029900736298327076,0.045217003020141276,0.059625943961059254,0.04942735286874506,0.05896767424479984,0.04931999324043021,0.06571602271450262,0.04487570137911482,0.055963052457081046,0.057215559683350445,0.051841036340288284,0.03541569353995555,0.06421146244491535,0.034226908006222675,0.04241110142587878,0.05386790036011197,0.06280958422445852,0.045726803862340876,0.04118708046648958
T,0.058120390157949606,0.030426189382801918,0.05349338772537835,0.06424985836791834,0.04676550851894083,0.06013491796387798,0.04996745926687322,0.05426199173324597,0.043809400402636846,0.05185317449989896,0.05302463596930806,0.05741440402786766,0.03646393602192259,0.06539971070946834,0.03277695056741066,0.06336169486232103,0.0446632324331992,0.05162126904416608,0.04106791781555514,0.04112397052925924
V,0.062035017193202265,0.028287304563010752,0.05883722952914809,0.06619502942995852,0.047312856881353144,0.05753645437140679,0.05016189402703473,0.03936448717759276,0.04296986727517281,0.04329782315601764,0.04902423271388993,0.06411501026790875,0.03811356004745943,0.06230889460524983,0.03232716666436971,0.07747658490694345,0.06228416172638061,0.03449629145774101,0.03946736051055753,0.04438877349560231
W,0.0688559575332832,0.026692967296536474,0.05173489792456533,0.06885482359219242,0.03884508442409065,0.05939908985702201,0.04820079573984751,0.04695923847460965,0.045031644470700204,0.045518853426967064,0.050585412879839385,0.05704700848527275,0.036662205426985346,0.06086296807769199,0.033412839750659715,0.07303851472133004,0.06434231630983259,0.05664836374971249,0.029265243695394128,0.03804177416346705
Y,0.0677985589840841,0.029407688605366168,0.05204137429555128,0.06341603612096201,0.038048506600994965,0.0607901008520194,0.044378098717026825,0.05333262641013732,0.04511862759797789,0.049817359768264076,0.050218053479991774,0.05647567149834692,0.037296236675911504,0.05966051121397929,0.033348880710673164,0.06977401111001541,0.06201503929805397,0.05818375196015935,0.03839334083884484,0.030485525261639647
