,TTT,TTC,TTA,TTG,CTT,CTC,CTA,CTG,ATT,ATC,ATA,ATG,GTT,GTC,GTA,GTG,TCT,TCC,TCA,TCG,CCT,CCC,CCA,CCG,ACT,ACC,ACA,ACG,GCT,GCC,GCA,GCG,TAT,TAC,CAT,CAC,CAA,CAG,AAT,AAC,AAA,AAG,GAT,GAC,GAA,GAG,TGT,TGC,TGG,CGT,CGC,CGA,CGG,AGT,AGC,AGA,AGG,GGT,GGC,GGA,GGG
TTT,0.0,0.1336274666311951,0.06729779430106984,0.06729779430106984,0.06729779430106984,0.0,0.0,0.0,0.1543348469957236,0.0,0.0,0.0,0.11865534489440505,0.0,0.0,0.0,0.08438160463106606,0.0,0.0,0.0,0.0,0.0,0.0,0.0,0.0,0.0,0.0,0.0,0.0,0.0,0.0,0.0,0.16318944994309148,0.0,0.0,0.0,0.0,0.0,0.0,0.0,0.0,0.0,0.0,0.0,0.0,0.0,0.14391790400130905,0.0,0.0,0.0,0.0,0.0,0.0,0.0,0.0,0.0,0.0,0.0,0.0,0.0,0.0
TTC,0.1336274666311951,0.0,0.06729779430106984,0.06729779430106984,0.0,0.06729779430106984,0.0,0.0,0.0,0.1543348469957236,0.0,0.0,0.0,0.11865534489440505,0.0,0.0,0.0,0.08438160463106606,0.0,0.0,0.0,0.0,0.0,0.0,0.0,0.0,0.0,0.0,0.0,0.0,0.0,0.0,0.0,0.16318944994309148,0.0,0.0,0.0,0.0,0.0,0.0,0.0,0.0,0.0,0.0,0.0,0.0,0.0,0.14391790400130905,0.0,0.0,0.0,0.0,0.0,0.0,0.0,0.0,0.0,0.0,0.0,0.0,0.0
TTA,0.2379473199744467,0.2379473199744467,0.0,0.06101928969460495,0.0,0.0,0.06101928969460495,0.0,0.0,0.0,0.16362708912353424,0.0,0.0,0.0,0.13019828569406072,0.0,0.0,0.0,0.10824140584430167,0.0,0.0,0.0,0.0,0.0,0.0,0.0,0.0,0.0,0.0,0.0,0.0,0.0,0.0,0.0,0.0,0.0,0.0,0.0,0.0,0.0,0.0,0.0,0.0,0.0,0.0,0.0,0.0,0.0,0.0,0.0,0.0,0.0,0.0,0.0,0.0,0.0,0.0,0.0,0.0,0.0,0.0
TTG,0.13574917737898418,0.13574917737898418,0.03481156409402761,0.0,0.0,0.0,0.0,0.03481156409402761,0.0,0.0,0.0,0.27967760670061836,0.0,0.0,0.0,0.07427824856787947,0.0,0.0,0.0,0.06175182726700466,0.0,0.0,0.0,0.0,0.0,0.0,0.0,0.0,0.0,0.0,0.0,0.0,0.0,0.0,0.0,0.0,0.0,0.0,0.0,0.0,0.0,0.0,0.0,0.0,0.0,0.0,0.0,0.0,0.24317083451847385,0.0,0.0,0.0,0.0,0.0,0.0,0.0,0.0,0.0,0.0,0.0,0.0
CTT,0.21029731760992948,0.0,0.0,0.0,0.0,0.05392871391288075,0.05392871391288075,0.05392871391288075,0.14461326118190976,0.0,0.0,0.0,0.11506895829636835,0.0,0.0,0.0,0.0,0.0,0.0,0.0,0.07993892465097857,0.0,0.0,0.0,0.0,0.0,0.0,0.0,0.0,0.0,0.0,0.0,0.0,0.0,0.2244586757001296,0.0,0.0,0.0,0.0,0.0,0.0,0.0,0.0,0.0,0.0,0.0,0.0,0.0,0.0,0.06383672082204195,0.0,0.0,0.0,0.0,0.0,0.0,0.0,0.0,0.0,0.0,0.0
CTC,0.0,0.21029731760992948,0.0,0.0,0.05392871391288075,0.0,0.05392871391288075,0.05392871391288075,0.0,0.14461326118190976,0.0,0.0,0.0,0.11506895829636835,0.0,0.0,0.0,0.0,0.0,0.0,0.0,0.07993892465097857,0.0,0.0,0.0,0.0,0.0,0.0,0.0,0.0,0.0,0.0,0.0,0.0,0.0,0.2244586757001296,0.0,0.0,0.0,0.0,0.0,0.0,0.0,0.0,0.0,0.0,0.0,0.0,0.0,0.0,0.06383672082204195,0.0,0.0,0.0,0.0,0.0,0.0,0.0,0.0,0.0,0.0
CTA,0.0,0.0,0.06184241119539769,0.0,0.06184241119539769,0.06184241119539769,0.0,0.06184241119539769,0.0,0.0,0.1658343415488541,0.0,0.0,0.0,0.13195459929353898,0.0,0.0,0.0,0.0,0.0,0.0,0.0,0.0916694556590002,0.0,0.0,0.0,0.0,0.0,0.0,0.0,0.0,0.0,0.0,0.0,0.0,0.0,0.28996760333743027,0.0,0.0,0.0,0.0,0.0,0.0,0.0,0.0,0.0,0.0,0.0,0.0,0.0,0.0,0.07320435537958558,0.0,0.0,0.0,0.0,0.0,0.0,0.0,0.0,0.0
CTG,0.0,0.0,0.0,0.046462760833065296,0.046462760833065296,0.046462760833065296,0.046462760833065296,0.0,0.0,0.0,0.0,0.3732838235994207,0.0,0.0,0.0,0.09913867957746988,0.0,0.0,0.0,0.0,0.0,0.0,0.0,0.06887208812935774,0.0,0.0,0.0,0.0,0.0,0.0,0.0,0.0,0.0,0.0,0.0,0.0,0.0,0.21785527347301759,0.0,0.0,0.0,0.0,0.0,0.0,0.0,0.0,0.0,0.0,0.0,0.0,0.0,0.0,0.05499909188847288,0.0,0.0,0.0,0.0,0.0,0.0,0.0,0.0
ATT,0.14047351248455908,0.0,0.0,0.0,0.046738920844831805,0.0,0.0,0.0,0.0,0.06453995993608692,0.06453995993608692,0.2800406198140777,0.06452961751339828,0.0,0.0,0.0,0.0,0.0,0.0,0.0,0.0,0.0,0.0,0.0,0.08051644688502486,0.0,0.0,0.0,0.0,0.0,0.0,0.0,0.0,0.0,0.0,0.0,0.0,0.0,0.19868949526942392,0.0,0.0,0.0,0.0,0.0,0.0,0.0,0.0,0.0,0.0,0.0,0.0,0.0,0.0,0.05993146731651047,0.0,0.0,0.0,0.0,0.0,0.0,0.0
ATC,0.0,0.14047351248455908,0.0,0.0,0.0,0.046738920844831805,0.0,0.0,0.06453995993608692,0.0,0.06453995993608692,0.2800406198140777,0.0,0.06452961751339828,0.0,0.0,0.0,0.0,0.0,0.0,0.0,0.0,0.0,0.0,0.0,0.08051644688502486,0.0,0.0,0.0,0.0,0.0,0.0,0.0,0.0,0.0,0.0,0.0,0.0,0.0,0.19868949526942392,0.0,0.0,0.0,0.0,0.0,0.0,0.0,0.0,0.0,0.0,0.0,0.0,0.0,0.0,0.05993146731651047,0.0,0.0,0.0,0.0,0.0,0.0
ATA,0.0,0.0,0.0557748282029637,0.0,0.0,0.0,0.0557748282029637,0.0,0.07701729335198053,0.07701729335198053,0.0,0.3341801046677089,0.0,0.0,0.07700495145708361,0.0,0.0,0.0,0.0,0.0,0.0,0.0,0.0,0.0,0.0,0.0,0.09608247069790629,0.0,0.0,0.0,0.0,0.0,0.0,0.0,0.0,0.0,0.0,0.0,0.0,0.0,0.17599255650226558,0.0,0.0,0.0,0.0,0.0,0.0,0.0,0.0,0.0,0.0,0.0,0.0,0.0,0.0,0.051155673565146956,0.0,0.0,0.0,0.0,0.0
ATG,0.0,0.0,0.0,0.06495267729074677,0.0,0.0,0.0,0.06495267729074677,0.13886540737317374,0.13886540737317374,0.13886540737317374,0.0,0.0,0.0,0.0,0.10971122877702785,0.0,0.0,0.0,0.0,0.0,0.0,0.0,0.0,0.0,0.0,0.0,0.11793984400702456,0.0,0.0,0.0,0.0,0.0,0.0,0.0,0.0,0.0,0.0,0.0,0.0,0.0,0.17289964859766424,0.0,0.0,0.0,0.0,0.0,0.0,0.0,0.0,0.0,0.0,0.0,0.0,0.0,0.0,0.052947701917268386,0.0,0.0,0.0,0.0
GTT,0.18650839806620345,0.0,0.0,0.0,0.06084758906460695,0.0,0.0,0.0,0.10909793606549273,0.0,0.0,0.0,0.0,0.0674455474571422,0.0674455474571422,0.0674455474571422,0.0,0.0,0.0,0.0,0.0,0.0,0.0,0.0,0.0,0.0,0.0,0.0,0.11306972449834646,0.0,0.0,0.0,0.0,0.0,0.0,0.0,0.0,0.0,0.0,0.0,0.0,0.0,0.2081942211884138,0.0,0.0,0.0,0.0,0.0,0.0,0.0,0.0,0.0,0.0,0.0,0.0,0.0,0.0,0.1199454887455101,0.0,0.0,0.0
GTC,0.0,0.18650839806620345,0.0,0.0,0.0,0.06084758906460695,0.0,0.0,0.0,0.10909793606549273,0.0,0.0,0.0674455474571422,0.0,0.0674455474571422,0.0674455474571422,0.0,0.0,0.0,0.0,0.0,0.0,0.0,0.0,0.0,0.0,0.0,0.0,0.0,0.11306972449834646,0.0,0.0,0.0,0.0,0.0,0.0,0.0,0.0,0.0,0.0,0.0,0.0,0.0,0.2081942211884138,0.0,0.0,0.0,0.0,0.0,0.0,0.0,0.0,0.0,0.0,0.0,0.0,0.0,0.0,0.1199454887455101,0.0,0.0
GTA,0.0,0.0,0.06807514671859827,0.0,0.0,0.0,0.06807514671859827,0.0,0.0,0.0,0.12205673418660773,0.0,0.0754568193948671,0.0754568193948671,0.0,0.0754568193948671,0.0,0.0,0.0,0.0,0.0,0.0,0.0,0.0,0.0,0.0,0.0,0.0,0.0,0.0,0.12650029693836548,0.0,0.0,0.0,0.0,0.0,0.0,0.0,0.0,0.0,0.0,0.0,0.0,0.0,0.2547294436346261,0.0,0.0,0.0,0.0,0.0,0.0,0.0,0.0,0.0,0.0,0.0,0.0,0.0,0.0,0.13419277361860288,0.0
GTG,0.0,0.0,0.0,0.05239756974172923,0.0,0.0,0.0,0.05239756974172923,0.0,0.0,0.0,0.32424540060270085,0.05807925722253997,0.05807925722253997,0.05807925722253997,0.0,0.0,0.0,0.0,0.0,0.0,0.0,0.0,0.0,0.0,0.0,0.0,0.0,0.0,0.0,0.0,0.09736751884761778,0.0,0.0,0.0,0.0,0.0,0.0,0.0,0.0,0.0,0.0,0.0,0.0,0.0,0.19606573663793106,0.0,0.0,0.0,0.0,0.0,0.0,0.0,0.0,0.0,0.0,0.0,0.0,0.0,0.0,0.10328843276067214
TCT,0.22120160946741033,0.0,0.0,0.0,0.0,0.0,0.0,0.0,0.0,0.0,0.0,0.0,0.0,0.0,0.0,0.0,0.0,0.050747607794033985,0.050747607794033985,0.050747607794033985,0.06197002214848148,0.0,0.0,0.0,0.10669374293579909,0.0,0.0,0.0,0.09720628802132524,0.0,0.0,0.0,0.21461387669773696,0.0,0.0,0.0,0.0,0.0,0.0,0.0,0.0,0.0,0.0,0.0,0.0,0.0,0.146071637347145,0.0,0.0,0.0,0.0,0.0,0.0,0.0,0.0,0.0,0.0,0.0,0.0,0.0,0.0
TCC,0.0,0.22120160946741033,0.0,0.0,0.0,0.0,0.0,0.0,0.0,0.0,0.0,0.0,0.0,0.0,0.0,0.0,0.050747607794033985,0.0,0.050747607794033985,0.050747607794033985,0.0,0.06197002214848148,0.0,0.0,0.0,0.10669374293579909,0.0,0.0,0.0,0.09720628802132524,0.0,0.0,0.0,0.21461387669773696,0.0,0.0,0.0,0.0,0.0,0.0,0.0,0.0,0.0,0.0,0.0,0.0,0.0,0.146071637347145,0.0,0.0,0.0,0.0,0.0,0.0,0.0,0.0,0.0,0.0,0.0,0.0,0.0
TCA,0.0,0.0,0.16947160886960086,0.0,0.0,0.0,0.0,0.0,0.0,0.0,0.0,0.0,0.0,0.0,0.0,0.0,0.10080370977556978,0.10080370977556978,0.0,0.10080370977556978,0.0,0.0,0.12309561768496896,0.0,0.0,0.0,0.2119336371759762,0.0,0.0,0.0,0.1930880069427446,0.0,0.0,0.0,0.0,0.0,0.0,0.0,0.0,0.0,0.0,0.0,0.0,0.0,0.0,0.0,0.0,0.0,0.0,0.0,0.0,0.0,0.0,0.0,0.0,0.0,0.0,0.0,0.0,0.0,0.0
TCG,0.0,0.0,0.0,0.09786330808891038,0.0,0.0,0.0,0.0,0.0,0.0,0.0,0.0,0.0,0.0,0.0,0.0,0.05821024873766472,0.05821024873766472,0.05821024873766472,0.0,0.0,0.0,0.0,0.071082964505093,0.0,0.0,0.0,0.12238348929179406,0.0,0.0,0.0,0.11150086576596496,0.0,0.0,0.0,0.0,0.0,0.0,0.0,0.0,0.0,0.0,0.0,0.0,0.0,0.0,0.0,0.0,0.42253862613524346,0.0,0.0,0.0,0.0,0.0,0.0,0.0,0.0,0.0,0.0,0.0,0.0
CCT,0.0,0.0,0.0,0.0,0.10134361601998683,0.0,0.0,0.0,0.0,0.0,0.0,0.0,0.0,0.0,0.0,0.0,0.10636403055277771,0.0,0.0,0.0,0.0,0.043912921380467984,0.043912921380467984,0.043912921380467984,0.16355795493356876,0.0,0.0,0.0,0.15105524523723626,0.0,0.0,0.0,0.0,0.0,0.2704107729899487,0.0,0.0,0.0,0.0,0.0,0.0,0.0,0.0,0.0,0.0,0.0,0.0,0.0,0.0,0.07552961612507779,0.0,0.0,0.0,0.0,0.0,0.0,0.0,0.0,0.0,0.0,0.0
CCC,0.0,0.0,0.0,0.0,0.0,0.10134361601998683,0.0,0.0,0.0,0.0,0.0,0.0,0.0,0.0,0.0,0.0,0.0,0.10636403055277771,0.0,0.0,0.043912921380467984,0.0,0.043912921380467984,0.043912921380467984,0.0,0.16355795493356876,0.0,0.0,0.0,0.15105524523723626,0.0,0.0,0.0,0.0,0.0,0.2704107729899487,0.0,0.0,0.0,0.0,0.0,0.0,0.0,0.0,0.0,0.0,0.0,0.0,0.0,0.0,0.07552961612507779,0.0,0.0,0.0,0.0,0.0,0.0,0.0,0.0,0.0,0.0
CCA,0.0,0.0,0.0,0.0,0.0,0.0,0.09542776709468098,0.0,0.0,0.0,0.0,0.0,0.0,0.0,0.0,0.0,0.0,0.0,0.1001551191230459,0.0,0.041349541278612845,0.041349541278612845,0.0,0.041349541278612845,0.0,0.0,0.15401039594644766,0.0,0.0,0.0,0.14223752148419516,0.0,0.0,0.0,0.0,0.0,0.31299993463650877,0.0,0.0,0.0,0.0,0.0,0.0,0.0,0.0,0.0,0.0,0.0,0.0,0.0,0.0,0.07112063787928298,0.0,0.0,0.0,0.0,0.0,0.0,0.0,0.0,0.0
CCG,0.0,0.0,0.0,0.0,0.0,0.0,0.0,0.09542776709468098,0.0,0.0,0.0,0.0,0.0,0.0,0.0,0.0,0.0,0.0,0.0,0.1001551191230459,0.041349541278612845,0.041349541278612845,0.041349541278612845,0.0,0.0,0.0,0.0,0.15401039594644766,0.0,0.0,0.0,0.14223752148419516,0.0,0.0,0.0,0.0,0.0,0.31299993463650877,0.0,0.0,0.0,0.0,0.0,0.0,0.0,0.0,0.0,0.0,0.0,0.0,0.0,0.0,0.07112063787928298,0.0,0.0,0.0,0.0,0.0,0.0,0.0,0.0
ACT,0.0,0.0,0.0,0.0,0.0,0.0,0.0,0.0,0.16627923113949175,0.0,0.0,0.0,0.0,0.0,0.0,0.0,0.06869849603270253,0.0,0.0,0.0,0.06876543148721742,0.0,0.0,0.0,0.0,0.08119052238608225,0.08119052238608225,0.08119052238608225,0.12093083783661197,0.0,0.0,0.0,0.0,0.0,0.0,0.0,0.0,0.0,0.2630559403130271,0.0,0.0,0.0,0.0,0.0,0.0,0.0,0.0,0.0,0.0,0.0,0.0,0.0,0.0,0.06869849603270253,0.0,0.0,0.0,0.0,0.0,0.0,0.0
ACC,0.0,0.0,0.0,0.0,0.0,0.0,0.0,0.0,0.0,0.16627923113949175,0.0,0.0,0.0,0.0,0.0,0.0,0.0,0.06869849603270253,0.0,0.0,0.0,0.06876543148721742,0.0,0.0,0.08119052238608225,0.0,0.08119052238608225,0.08119052238608225,0.0,0.12093083783661197,0.0,0.0,0.0,0.0,0.0,0.0,0.0,0.0,0.0,0.2630559403130271,0.0,0.0,0.0,0.0,0.0,0.0,0.0,0.0,0.0,0.0,0.0,0.0,0.0,0.0,0.06869849603270253,0.0,0.0,0.0,0.0,0.0,0.0
ACA,0.0,0.0,0.0,0.0,0.0,0.0,0.0,0.0,0.0,0.0,0.1818591235825151,0.0,0.0,0.0,0.0,0.0,0.0,0.0,0.07513535030399203,0.0,0.0,0.0,0.0752085574207874,0.0,0.08879784410328988,0.08879784410328988,0.0,0.08879784410328988,0.0,0.0,0.13226171442070292,0.0,0.0,0.0,0.0,0.0,0.0,0.0,0.0,0.0,0.20383239736396522,0.0,0.0,0.0,0.0,0.0,0.0,0.0,0.0,0.0,0.0,0.0,0.0,0.0,0.0,0.06530932459816778,0.0,0.0,0.0,0.0,0.0
ACG,0.0,0.0,0.0,0.0,0.0,0.0,0.0,0.0,0.0,0.0,0.0,0.38008861864834165,0.0,0.0,0.0,0.0,0.0,0.0,0.0,0.056930609553752155,0.0,0.0,0.0,0.056986079126542744,0.0672827819582383,0.0672827819582383,0.0672827819582383,0.0,0.0,0.0,0.0,0.10021567733603612,0.0,0.0,0.0,0.0,0.0,0.0,0.0,0.0,0.0,0.15444531211717283,0.0,0.0,0.0,0.0,0.0,0.0,0.0,0.0,0.0,0.0,0.0,0.0,0.0,0.0,0.04948535734343949,0.0,0.0,0.0,0.0
GCT,0.0,0.0,0.0,0.0,0.0,0.0,0.0,0.0,0.0,0.0,0.0,0.0,0.1351331195261624,0.0,0.0,0.0,0.07233994051100068,0.0,0.0,0.0,0.0701684329367349,0.0,0.0,0.0,0.12956616833989193,0.0,0.0,0.0,0.0,0.08440230867621297,0.08440230867621297,0.08440230867621297,0.0,0.0,0.0,0.0,0.0,0.0,0.0,0.0,0.0,0.0,0.22941165153705947,0.0,0.0,0.0,0.0,0.0,0.0,0.0,0.0,0.0,0.0,0.0,0.0,0.0,0.0,0.1101737611205118,0.0,0.0,0.0
GCC,0.0,0.0,0.0,0.0,0.0,0.0,0.0,0.0,0.0,0.0,0.0,0.0,0.0,0.1351331195261624,0.0,0.0,0.0,0.07233994051100068,0.0,0.0,0.0,0.0701684329367349,0.0,0.0,0.0,0.12956616833989193,0.0,0.0,0.08440230867621297,0.0,0.08440230867621297,0.08440230867621297,0.0,0.0,0.0,0.0,0.0,0.0,0.0,0.0,0.0,0.0,0.0,0.22941165153705947,0.0,0.0,0.0,0.0,0.0,0.0,0.0,0.0,0.0,0.0,0.0,0.0,0.0,0.0,0.1101737611205118,0.0,0.0
GCA,0.0,0.0,0.0,0.0,0.0,0.0,0.0,0.0,0.0,0.0,0.0,0.0,0.0,0.0,0.13131732742123045,0.0,0.0,0.0,0.07029725715668293,0.0,0.0,0.0,0.06818706705578519,0.0,0.0,0.0,0.12590757180966142,0.0,0.08201901682138113,0.08201901682138113,0.0,0.08201901682138113,0.0,0.0,0.0,0.0,0.0,0.0,0.0,0.0,0.0,0.0,0.0,0.0,0.25117097261636107,0.0,0.0,0.0,0.0,0.0,0.0,0.0,0.0,0.0,0.0,0.0,0.0,0.0,0.0,0.1070627534761355,0.0
GCG,0.0,0.0,0.0,0.0,0.0,0.0,0.0,0.0,0.0,0.0,0.0,0.0,0.0,0.0,0.0,0.13131732742123045,0.0,0.0,0.0,0.07029725715668293,0.0,0.0,0.0,0.06818706705578519,0.0,0.0,0.0,0.12590757180966142,0.08201901682138113,0.08201901682138113,0.08201901682138113,0.0,0.0,0.0,0.0,0.0,0.0,0.0,0.0,0.0,0.0,0.0,0.0,0.0,0.0,0.25117097261636107,0.0,0.0,0.0,0.0,0.0,0.0,0.0,0.0,0.0,0.0,0.0,0.0,0.0,0.0,0.1070627534761355
TAT,0.1498214716886815,0.0,0.0,0.0,0.0,0.0,0.0,0.0,0.0,0.0,0.0,0.0,0.0,0.0,0.0,0.0,0.07034486864850184,0.0,0.0,0.0,0.0,0.0,0.0,0.0,0.0,0.0,0.0,0.0,0.0,0.0,0.0,0.0,0.0,0.11522377960173301,0.1498978440989096,0.0,0.0,0.0,0.21843917803702614,0.0,0.0,0.0,0.17984786151165075,0.0,0.0,0.0,0.11642499641349716,0.0,0.0,0.0,0.0,0.0,0.0,0.0,0.0,0.0,0.0,0.0,0.0,0.0,0.0
TAC,0.0,0.1498214716886815,0.0,0.0,0.0,0.0,0.0,0.0,0.0,0.0,0.0,0.0,0.0,0.0,0.0,0.0,0.0,0.07034486864850184,0.0,0.0,0.0,0.0,0.0,0.0,0.0,0.0,0.0,0.0,0.0,0.0,0.0,0.0,0.11522377960173301,0.0,0.0,0.1498978440989096,0.0,0.0,0.0,0.21843917803702614,0.0,0.0,0.0,0.17984786151165075,0.0,0.0,0.0,0.11642499641349716,0.0,0.0,0.0,0.0,0.0,0.0,0.0,0.0,0.0,0.0,0.0,0.0,0.0
CAT,0.0,0.0,0.0,0.0,0.060818536629314864,0.0,0.0,0.0,0.0,0.0,0.0,0.0,0.0,0.0,0.0,0.0,0.0,0.0,0.0,0.0,0.04785474714508967,0.0,0.0,0.0,0.0,0.0,0.0,0.0,0.0,0.0,0.0,0.0,0.13539396212346982,0.0,0.0,0.09993351278433525,0.15219596007132943,0.15219596007132943,0.16335232258234866,0.0,0.0,0.0,0.15089659456691323,0.0,0.0,0.0,0.0,0.0,0.0,0.03735840402586962,0.0,0.0,0.0,0.0,0.0,0.0,0.0,0.0,0.0,0.0,0.0
CAC,0.0,0.0,0.0,0.0,0.0,0.060818536629314864,0.0,0.0,0.0,0.0,0.0,0.0,0.0,0.0,0.0,0.0,0.0,0.0,0.0,0.0,0.0,0.04785474714508967,0.0,0.0,0.0,0.0,0.0,0.0,0.0,0.0,0.0,0.0,0.0,0.13539396212346982,0.09993351278433525,0.0,0.15219596007132943,0.15219596007132943,0.0,0.16335232258234866,0.0,0.0,0.0,0.15089659456691323,0.0,0.0,0.0,0.0,0.0,0.0,0.03735840402586962,0.0,0.0,0.0,0.0,0.0,0.0,0.0,0.0,0.0,0.0
CAA,0.0,0.0,0.0,0.0,0.0,0.0,0.07404103583893556,0.0,0.0,0.0,0.0,0.0,0.0,0.0,0.0,0.0,0.0,0.0,0.0,0.0,0.0,0.0,0.06245790273383996,0.0,0.0,0.0,0.0,0.0,0.0,0.0,0.0,0.0,0.0,0.0,0.16295670909704332,0.16295670909704332,0.0,0.14663581583960586,0.0,0.0,0.15097527573036543,0.0,0.0,0.0,0.19194274131468259,0.0,0.0,0.0,0.0,0.0,0.0,0.048033810348484,0.0,0.0,0.0,0.0,0.0,0.0,0.0,0.0,0.0
CAG,0.0,0.0,0.0,0.0,0.0,0.0,0.0,0.07404103583893556,0.0,0.0,0.0,0.0,0.0,0.0,0.0,0.0,0.0,0.0,0.0,0.0,0.0,0.0,0.0,0.06245790273383996,0.0,0.0,0.0,0.0,0.0,0.0,0.0,0.0,0.0,0.0,0.16295670909704332,0.16295670909704332,0.14663581583960586,0.0,0.0,0.0,0.0,0.15097527573036543,0.0,0.0,0.0,0.19194274131468259,0.0,0.0,0.0,0.0,0.0,0.0,0.048033810348484,0.0,0.0,0.0,0.0,0.0,0.0,0.0,0.0
AAT,0.0,0.0,0.0,0.0,0.0,0.0,0.0,0.0,0.13024496569894967,0.0,0.0,0.0,0.0,0.0,0.0,0.0,0.0,0.0,0.0,0.0,0.0,0.0,0.0,0.0,0.0874979664108247,0.0,0.0,0.0,0.0,0.0,0.0,0.0,0.15134731142479596,0.0,0.12527009307874373,0.0,0.0,0.0,0.0,0.10167837988893431,0.11438157702259585,0.11438157702259585,0.12501943556238332,0.0,0.0,0.0,0.0,0.0,0.0,0.0,0.0,0.0,0.0,0.05017869389017675,0.0,0.0,0.0,0.0,0.0,0.0,0.0
AAC,0.0,0.0,0.0,0.0,0.0,0.0,0.0,0.0,0.0,0.13024496569894967,0.0,0.0,0.0,0.0,0.0,0.0,0.0,0.0,0.0,0.0,0.0,0.0,0.0,0.0,0.0,0.0874979664108247,0.0,0.0,0.0,0.0,0.0,0.0,0.0,0.15134731142479596,0.0,0.12527009307874373,0.0,0.0,0.10167837988893431,0.0,0.11438157702259585,0.11438157702259585,0.0,0.12501943556238332,0.0,0.0,0.0,0.0,0.0,0.0,0.0,0.0,0.0,0.0,0.05017869389017675,0.0,0.0,0.0,0.0,0.0,0.0
AAA,0.0,0.0,0.0,0.0,0.0,0.0,0.0,0.0,0.0,0.0,0.13653523539767606,0.0,0.0,0.0,0.0,0.0,0.0,0.0,0.0,0.0,0.0,0.0,0.0,0.0,0.0,0.0,0.09789949211370576,0.0,0.0,0.0,0.0,0.0,0.0,0.0,0.0,0.0,0.15578023329709229,0.0,0.16232225029131275,0.16232225029131275,0.0,0.08594826762255063,0.0,0.0,0.16835775456417892,0.0,0.0,0.0,0.0,0.0,0.0,0.0,0.0,0.0,0.0,0.030834516422170978,0.0,0.0,0.0,0.0,0.0
AAG,0.0,0.0,0.0,0.0,0.0,0.0,0.0,0.0,0.0,0.0,0.0,0.2838807031319213,0.0,0.0,0.0,0.0,0.0,0.0,0.0,0.0,0.0,0.0,0.0,0.0,0.0,0.0,0.0,0.08119348736656057,0.0,0.0,0.0,0.0,0.0,0.0,0.0,0.0,0.0,0.12919720144693758,0.1346228595653182,0.1346228595653182,0.07128167297624174,0.0,0.0,0.0,0.0,0.13962843854585688,0.0,0.0,0.0,0.0,0.0,0.0,0.0,0.0,0.0,0.0,0.025572777401845676,0.0,0.0,0.0,0.0
GAT,0.0,0.0,0.0,0.0,0.0,0.0,0.0,0.0,0.0,0.0,0.0,0.0,0.09194417410120677,0.0,0.0,0.0,0.0,0.0,0.0,0.0,0.0,0.0,0.0,0.0,0.0,0.0,0.0,0.0,0.07916148555763,0.0,0.0,0.0,0.1380593247902401,0.0,0.12581868921182865,0.0,0.0,0.0,0.14632556814755399,0.0,0.0,0.0,0.0,0.08361159987561502,0.13575161316619125,0.13575161316619125,0.0,0.0,0.0,0.0,0.0,0.0,0.0,0.0,0.0,0.0,0.0,0.0635759319835431,0.0,0.0,0.0
GAC,0.0,0.0,0.0,0.0,0.0,0.0,0.0,0.0,0.0,0.0,0.0,0.0,0.0,0.09194417410120677,0.0,0.0,0.0,0.0,0.0,0.0,0.0,0.0,0.0,0.0,0.0,0.0,0.0,0.0,0.0,0.07916148555763,0.0,0.0,0.0,0.1380593247902401,0.0,0.12581868921182865,0.0,0.0,0.0,0.14632556814755399,0.0,0.0,0.08361159987561502,0.0,0.13575161316619125,0.13575161316619125,0.0,0.0,0.0,0.0,0.0,0.0,0.0,0.0,0.0,0.0,0.0,0.0,0.0635759319835431,0.0,0.0
GAA,0.0,0.0,0.0,0.0,0.0,0.0,0.0,0.0,0.0,0.0,0.0,0.0,0.0,0.0,0.10943610638208355,0.0,0.0,0.0,0.0,0.0,0.0,0.0,0.0,0.0,0.0,0.0,0.0,0.0,0.0,0.0,0.09796983634397198,0.0,0.0,0.0,0.0,0.0,0.1617678629618309,0.0,0.0,0.0,0.13753728823989317,0.0,0.14172498558705326,0.14172498558705326,0.0,0.11793617258454603,0.0,0.0,0.0,0.0,0.0,0.0,0.0,0.0,0.0,0.0,0.0,0.0,0.0,0.09190276231356803,0.0
GAG,0.0,0.0,0.0,0.0,0.0,0.0,0.0,0.0,0.0,0.0,0.0,0.0,0.0,0.0,0.0,0.10943610638208355,0.0,0.0,0.0,0.0,0.0,0.0,0.0,0.0,0.0,0.0,0.0,0.0,0.0,0.0,0.0,0.09796983634397198,0.0,0.0,0.0,0.0,0.0,0.1617678629618309,0.0,0.0,0.0,0.13753728823989317,0.14172498558705326,0.14172498558705326,0.11793617258454603,0.0,0.0,0.0,0.0,0.0,0.0,0.0,0.0,0.0,0.0,0.0,0.0,0.0,0.0,0.0,0.09190276231356803
TGT,0.18324175085819971,0.0,0.0,0.0,0.0,0.0,0.0,0.0,0.0,0.0,0.0,0.0,0.0,0.0,0.0,0.0,0.06597598011077258,0.0,0.0,0.0,0.0,0.0,0.0,0.0,0.0,0.0,0.0,0.0,0.0,0.0,0.0,0.0,0.1747779700578496,0.0,0.0,0.0,0.0,0.0,0.0,0.0,0.0,0.0,0.0,0.0,0.0,0.0,0.0,0.07817168048080686,0.2889748283454327,0.04951358139809071,0.0,0.0,0.0,0.06597598011077258,0.0,0.0,0.0,0.09336822863807523,0.0,0.0,0.0
TGC,0.0,0.18324175085819971,0.0,0.0,0.0,0.0,0.0,0.0,0.0,0.0,0.0,0.0,0.0,0.0,0.0,0.0,0.0,0.06597598011077258,0.0,0.0,0.0,0.0,0.0,0.0,0.0,0.0,0.0,0.0,0.0,0.0,0.0,0.0,0.0,0.1747779700578496,0.0,0.0,0.0,0.0,0.0,0.0,0.0,0.0,0.0,0.0,0.0,0.0,0.07817168048080686,0.0,0.2889748283454327,0.0,0.04951358139809071,0.0,0.0,0.0,0.06597598011077258,0.0,0.0,0.0,0.09336822863807523,0.0,0.0
TGG,0.0,0.0,0.0,0.12497188289670438,0.0,0.0,0.0,0.0,0.0,0.0,0.0,0.0,0.0,0.0,0.0,0.0,0.0,0.0,0.0,0.12292794258474224,0.0,0.0,0.0,0.0,0.0,0.0,0.0,0.0,0.0,0.0,0.0,0.0,0.0,0.0,0.0,0.0,0.0,0.0,0.0,0.0,0.0,0.0,0.0,0.0,0.0,0.0,0.21371665953240024,0.21371665953240024,0.0,0.0,0.0,0.0,0.08078237572174772,0.0,0.0,0.0,0.08078237572174772,0.0,0.0,0.0,0.16310210401025732
CGT,0.0,0.0,0.0,0.0,0.10877968875716643,0.0,0.0,0.0,0.0,0.0,0.0,0.0,0.0,0.0,0.0,0.0,0.0,0.0,0.0,0.0,0.08763082192547073,0.0,0.0,0.0,0.0,0.0,0.0,0.0,0.0,0.0,0.0,0.0,0.0,0.0,0.24264734733714202,0.0,0.0,0.0,0.0,0.0,0.0,0.0,0.0,0.0,0.0,0.0,0.19720764234851276,0.0,0.0,0.0,0.041732474909934245,0.041732474909934245,0.041732474909934245,0.09984018798330259,0.0,0.0,0.0,0.13869688691860288,0.0,0.0,0.0
CGC,0.0,0.0,0.0,0.0,0.0,0.10877968875716643,0.0,0.0,0.0,0.0,0.0,0.0,0.0,0.0,0.0,0.0,0.0,0.0,0.0,0.0,0.0,0.08763082192547073,0.0,0.0,0.0,0.0,0.0,0.0,0.0,0.0,0.0,0.0,0.0,0.0,0.0,0.24264734733714202,0.0,0.0,0.0,0.0,0.0,0.0,0.0,0.0,0.0,0.0,0.0,0.19720764234851276,0.0,0.041732474909934245,0.0,0.041732474909934245,0.041732474909934245,0.0,0.09984018798330259,0.0,0.0,0.0,0.13869688691860288,0.0,0.0
CGA,0.0,0.0,0.0,0.0,0.0,0.0,0.13693126012648174,0.0,0.0,0.0,0.0,0.0,0.0,0.0,0.0,0.0,0.0,0.0,0.0,0.0,0.0,0.0,0.11030918555908728,0.0,0.0,0.0,0.0,0.0,0.0,0.0,0.0,0.0,0.0,0.0,0.0,0.0,0.36803827509415304,0.0,0.0,0.0,0.0,0.0,0.0,0.0,0.0,0.0,0.0,0.0,0.0,0.05253260459653235,0.05253260459653235,0.0,0.05253260459653235,0.0,0.0,0.05253260459653235,0.0,0.0,0.0,0.17459086083414854,0.0
CGG,0.0,0.0,0.0,0.0,0.0,0.0,0.0,0.0855376055411327,0.0,0.0,0.0,0.0,0.0,0.0,0.0,0.0,0.0,0.0,0.0,0.0,0.0,0.0,0.0,0.06890744738054178,0.0,0.0,0.0,0.0,0.0,0.0,0.0,0.0,0.0,0.0,0.0,0.0,0.0,0.229904499308367,0.0,0.0,0.0,0.0,0.0,0.0,0.0,0.0,0.0,0.0,0.37532448425492754,0.03281583186977082,0.03281583186977082,0.03281583186977082,0.0,0.0,0.0,0.0,0.03281583186977082,0.0,0.0,0.0,0.10906263603594794
AGT,0.0,0.0,0.0,0.0,0.0,0.0,0.0,0.0,0.1867626650586415,0.0,0.0,0.0,0.0,0.0,0.0,0.0,0.0,0.0,0.0,0.0,0.0,0.0,0.0,0.0,0.10778378750609838,0.0,0.0,0.0,0.0,0.0,0.0,0.0,0.0,0.0,0.0,0.0,0.0,0.0,0.23033982455726298,0.0,0.0,0.0,0.0,0.0,0.0,0.0,0.14756398910821117,0.0,0.0,0.058514758258662265,0.0,0.0,0.0,0.0,0.05126607450828967,0.058514758258662265,0.058514758258662265,0.10073938448550956,0.0,0.0,0.0
AGC,0.0,0.0,0.0,0.0,0.0,0.0,0.0,0.0,0.0,0.1867626650586415,0.0,0.0,0.0,0.0,0.0,0.0,0.0,0.0,0.0,0.0,0.0,0.0,0.0,0.0,0.0,0.10778378750609838,0.0,0.0,0.0,0.0,0.0,0.0,0.0,0.0,0.0,0.0,0.0,0.0,0.0,0.23033982455726298,0.0,0.0,0.0,0.0,0.0,0.0,0.0,0.14756398910821117,0.0,0.0,0.058514758258662265,0.0,0.0,0.05126607450828967,0.0,0.058514758258662265,0.058514758258662265,0.0,0.10073938448550956,0.0,0.0
AGA,0.0,0.0,0.0,0.0,0.0,0.0,0.0,0.0,0.0,0.0,0.2388115817080558,0.0,0.0,0.0,0.0,0.0,0.0,0.0,0.0,0.0,0.0,0.0,0.0,0.0,0.0,0.0,0.17288490681536078,0.0,0.0,0.0,0.0,0.0,0.0,0.0,0.0,0.0,0.0,0.0,0.0,0.0,0.1797253953373364,0.0,0.0,0.0,0.0,0.0,0.0,0.0,0.0,0.0,0.0,0.04042026963396908,0.0,0.09670088647511772,0.09670088647511772,0.0,0.04042026963396908,0.0,0.0,0.13433580392107353,0.0
AGG,0.0,0.0,0.0,0.0,0.0,0.0,0.0,0.0,0.0,0.0,0.0,0.3363816939879007,0.0,0.0,0.0,0.0,0.0,0.0,0.0,0.0,0.0,0.0,0.0,0.0,0.0,0.0,0.0,0.09377261600911624,0.0,0.0,0.0,0.0,0.0,0.0,0.0,0.0,0.0,0.0,0.0,0.0,0.0,0.09748289075375341,0.0,0.0,0.0,0.0,0.0,0.0,0.2507504011503482,0.0,0.0,0.0,0.021923917438432833,0.05245047275790691,0.05245047275790691,0.021923917438432833,0.0,0.0,0.0,0.0,0.07286361770620173
GGT,0.0,0.0,0.0,0.0,0.0,0.0,0.0,0.0,0.0,0.0,0.0,0.0,0.15824901011321776,0.0,0.0,0.0,0.0,0.0,0.0,0.0,0.0,0.0,0.0,0.0,0.0,0.0,0.0,0.0,0.12381793303177037,0.0,0.0,0.0,0.0,0.0,0.0,0.0,0.0,0.0,0.0,0.0,0.0,0.0,0.20559594273002654,0.0,0.0,0.0,0.20455360651661242,0.0,0.0,0.06291098174144351,0.0,0.0,0.0,0.08196325430974379,0.0,0.0,0.0,0.0,0.05430309051906189,0.05430309051906189,0.05430309051906189
GGC,0.0,0.0,0.0,0.0,0.0,0.0,0.0,0.0,0.0,0.0,0.0,0.0,0.0,0.15824901011321776,0.0,0.0,0.0,0.0,0.0,0.0,0.0,0.0,0.0,0.0,0.0,0.0,0.0,0.0,0.0,0.12381793303177037,0.0,0.0,0.0,0.0,0.0,0.0,0.0,0.0,0.0,0.0,0.0,0.0,0.0,0.20559594273002654,0.0,0.0,0.0,0.20455360651661242,0.0,0.0,0.06291098174144351,0.0,0.0,0.0,0.08196325430974379,0.0,0.0,0.05430309051906189,0.0,0.05430309051906189,0.05430309051906189
GGA,0.0,0.0,0.0,0.0,0.0,0.0,0.0,0.0,0.0,0.0,0.0,0.0,0.0,0.0,0.1907734256860894,0.0,0.0,0.0,0.0,0.0,0.0,0.0,0.0,0.0,0.0,0.0,0.0,0.0,0.0,0.0,0.14926583887597208,0.0,0.0,0.0,0.0,0.0,0.0,0.0,0.0,0.0,0.0,0.0,0.0,0.0,0.311887488270313,0.0,0.0,0.0,0.0,0.0,0.0,0.07584087566490096,0.0,0.0,0.0,0.07584087566490096,0.0,0.06546383194594121,0.06546383194594121,0.0,0.06546383194594121
GGG,0.0,0.0,0.0,0.0,0.0,0.0,0.0,0.0,0.0,0.0,0.0,0.0,0.0,0.0,0.0,0.12752577533769768,0.0,0.0,0.0,0.0,0.0,0.0,0.0,0.0,0.0,0.0,0.0,0.0,0.0,0.0,0.0,0.09977931551856693,0.0,0.0,0.0,0.0,0.0,0.0,0.0,0.0,0.0,0.0,0.0,0.0,0.0,0.20848655213250136,0.0,0.0,0.3315328123973798,0.0,0.0,0.0,0.05069713686103634,0.0,0.0,0.0,0.05069713686103634,0.043760423630593896,0.043760423630593896,0.043760423630593896,0.0
